triple_id,paper,extractor,model,subject,predicate,object,object_type,predicate_definition,section,source_sentence,verdict,note
cd4b2c27b4db,csysguard2024,relation,qwen3-8b,LSTM,addresses,advanced time series forecasting,Task,"ResearchProcess/Paper → ResearchContext  |  subject must be a Paper, Model, or Method (never a ResearchTask). Object is a domain/task/objective the subject targets. STRICT: Do NOT use when a task is the subject — tasks ARE ResearchContext, they cannot address themselves",C. TECHNIQUE,"Its capability to handle long-term dependencies makes LSTM ideal for challenging tasks, such as predictive text generation, advanced time series forecasting, and language translation.",,
fda8a7ec7764,csysguard2024,relation,qwen3-8b,cSysGuard,comparesagainst,weighted averaging,Method,Model → Model  |  BOTH subject and object must be named Models. Use when the paper explicitly benchmarks one model against another. Citation keys like 'Smith et al. (2019)' are NOT valid — use the model name,B. RELATED WORK,relying solely on weighted averaging yields a lower accuracy than cSysGuard,,
7caf164da85e,csysguard2024,relation,qwen3-8b,first literature,employs,single meta-model,Model,Organisation → Person  |  use for employment relationships,C. COMPARATIVE ANALYSIS OF DIFFERENT ENSEMBLE,"The first literature, by Mehmood et al. [23], proposed an ensemble model with a single meta-model (Decision Trees) in the second layer, which leverages predictions from the base models to determine the outcome.",,
3e5b75ac6700,csysguard2024,relation_scinex,qwen3-8b,noise reduction process,supports,minimize data inconsistencies,Concept,ExperimentalMeasurement → ExperimentalOutcome  |  Links a quantitative experimental measurement to the qualitative conclusion it provides evidence for,B. DATA PREPROCESSING,"Eventually, the system performs a noise reduction process utilizing a low-pass Butterworth filter to minimize data inconsistencies.",,
4ab0e4e18d38,eyelandmark2024,relation_scinex,qwen3-8b,Eye Landmarks Detection using RT-DETR with Rules,addresses,ocular health,Concept,Publication/ResearchProcess → ResearchContext  |  Links a publication or a research process to the research context element it targets,IV RESULT AND DISCUSSION,"With the assistance of Eye Landmarks Detection using RT-DETR with Rules, clinicians can glean essential information about ocular health, facilitating early detection , accurate diagnosis , and tailored treatment strategies for a spectrum of eye diseases.",,
9f3085da18eb,eyelandmark2024,relation_scinex,qwen3-8b,Viola and Jones,cites,"Viola, P., & Jones, M (2001)[1]",AcademicPaper,"AcademicPaper → AcademicPaper  |  Records a bibliographic reference from one academic paper to another, indicating that the citing paper acknowledges, builds upon, or contrasts with the cited work",II LITERATURE REVIEWS,"According to the paper by Viola and Jones, they present a novel approach to object detection that minimizes computation time while achieving high detection accuracy.",,
d15768ffb510,eyelandmark2024,relation_scinex,qwen3-8b,deep learning model,designedfor,eye landmarks detection,Task,"Model → ResearchTask  |  Associates a model with the research task it was specifically designed or optimised to solve, such as a transformer model designed for machine translation or a CNN designed for image classification",IV RESULT AND DISCUSSION,"This study aims to create a deep learning model for eye landmarks detection , including the boundaries of the eye, the pupil, and the reflection point on the retina to assist ophthalmologists in diagnosing eye diseases.",,
9ce35f3eb187,eyelandmark2024,relation_scinex,qwen3-8b,dataset,producedby,rules-based selection algorithms,Method,ResearchArtifact → ResearchProcess  |  Links a research artifact back to the research process that generated it,III METHOD,This dataset will undergo further preprocessing using rules-based selection algorithms proposed in this paper,,
d28678a72018,gamlprop2025,relation,qwen3-8b,Hydrocarbons,encompasses,alkynes,Concept,"ResearchDomain → ResearchTask  |  subject MUST be a broad domain (NLP, Computer Vision, etc.). Object is a specific task within that domain. NEVER use a ResearchTask as the subject — tasks cannot encompass domains",1. Introduction,"Hydrocarbons, organic compounds composed solely of carbon and hydrogen atoms, are categorized into alkanes, alkenes, and alkynes.",,
d7cbd926ca59,gamlprop2025,relation_scinex,qwen3-8b,Genetic Algorithm,comprises,Selection,ResearchProcess,ResearchProcess → ResearchProcess  |  Relates a research process to a constituent sub-process that forms a structural part of it,2.2 Genetic Algorithm,"The application of the Genetic Algorithm to generate chemicals with desirable properties, as illustrated in Figure 3, comprises five steps: Initialization, Population, Selection, Crossover, and Mutation.",,
93e7f6c47b1a,gamlprop2025,relation_scinex,qwen3-8b,Hydrocarbons,encompasses,alkenes,Concept,ResearchDomain → ResearchTask  |  Relates a research domain to the research tasks that fall within its scope,1. Introduction,"Hydrocarbons, organic compounds composed solely of carbon and hydrogen atoms, are categorized into alkanes, alkenes, and alkynes.",,
44dce7a97b68,gamlprop2025,relation_scinex,qwen3-8b,root mean square error,evaluates,RMSE,Metric,EvaluationMetric → ExperimentalResult  |  Links an evaluation metric to the experimental result it quantitatively assesses,2.3 Data Analysis,"The performance of the predicted boiling point in this method was evaluated using root mean square error (RMSE), mean absolute percentage error (MAPE), and the coefficient of determination (R), calculated using Equations (1)-(3), respectively.",,
24dca9085540,gamlprop2025,relation_scinex,qwen3-8b,test set,splitfrom,100 data points,Dataset,Dataset → Dataset  |  Records that a dataset partition was derived from a larger source dataset,2.1 Model Development and Cross Validation,The remaining 100 data points constituted the test set and were used to estimate the performance of the final model.,,
d853cae4f1f5,gamlprop2025,relation_scinex,qwen3-8b,test set,splitfrom,dataset,Dataset,Dataset → Dataset  |  Records that a dataset partition was derived from a larger source dataset,2.1 Model Development and Cross Validation,"The dataset was initially divided into a training set and a test set, with 460 out of 560 data points randomly selected for training.",,
a66e1b872e9b,llamacorrupt2025,relation,qwen3-8b,BERT,addresses,language understanding and prediction,Concept,"ResearchProcess/Paper → ResearchContext  |  subject must be a Paper, Model, or Method (never a ResearchTask). Object is a domain/task/objective the subject targets. STRICT: Do NOT use when a task is the subject — tasks ARE ResearchContext, they cannot address themselves",2.3 Evaluation Method,BERT will assess the quality of the language understanding and prediction,,
7c4bf728830e,llamacorrupt2025,relation,qwen3-8b,model,produces,baseline answers,Concept,ResearchProcess → ResearchArtifact  |  use when a process explicitly creates a new artifact,2.2 Selected Test Data,"The model's responses, before any parameter corruption is introduced, are then used as baseline answers for comparison.",,
d91b4a606402,microwave2018,relation,qwen3-8b,logistic regression,publishedin,a known data analytic method,Method,AcademicPaper → PublicationVenue  |  use for journal/conference names only,V CONCLUSION,"It also found that the logistic regression, which is a known data analytic method, can be used as a classification method to detect the kick gesture;",,
629511039aa9,microwave2018,relation_scinex,qwen3-8b,Decision Tree,employs,our analytic process,ResearchProcess,Organisation → Person  |  Associates an organisation with the persons who work for or are institutionally employed by it at the time of a research publication,II LITERATURE REVIEW,"The 4 classifier methods: Logistic Regression [6], Decision Tree [7], ANN [7], and SVM [8] are employed in our analytic process.",,
e219a79208d7,osmotic2026,relation,qwen3-8b,Machine Learning models,motivates,estimate Quats' activity coefficients for PTC systems,Task,ResearchObjective → ResearchProcess  |  use when a stated problem or gap drives a new method,Abstract,It is therefore posited that Machine Learning models can also be utilized to estimate Quats' activity coefficients for PTC systems.,,
51607adcc6b3,osmotic2026,relation,qwen3-8b,data,splitfrom,test set,Dataset,Dataset → Dataset  |  use for train/dev/test partition relationships,Modelling and algorithms,the data is initially partitioned into two distinct subsets: the training set and the test set.,,
99923dc0cb23,oxidecrack2025,relation,qwen3-8b,Rathachai Chawuthai,affiliatedwith,Formal analysis,Task,Agent → Organisation  |  use for institutional affiliation,Author contributions,"Rathachai Chawuthai: Methodology, Model development, Manuscript writing & Editing, Formal analysis.",,
a1e7dc014c17,oxidecrack2025,relation,qwen3-8b,Patthranit Wongpromrat,affiliatedwith,Project administration,Task,Agent → Organisation  |  use for institutional affiliation,Author contributions,"Patthranit Wongpromrat: Conceptualization, Manuscript writing & Editing, Formal analysis, Project administration.",,
cfe0a61a1569,parkingyolo2023,relation,qwen3-8b,OC-SORT,achieves,state-of-the-art results,Concept,ResearchProcess → ResearchObjective  |  use when a model/method attains a specific result or goal. USE THIS instead of reports when subject is a Model,3.3. Movement Tracking,"On numerous datasets, including MOT17, MOT20, KITTI, head tracking, and, particularly, DanceTrack, where the object motion is very non-linear, OC-SORT produces state-of-the-art results.",,
8f5bebf3de3f,parkingyolo2023,relation,qwen3-8b,machine learning-based object detection pipeline,comprises,object classification,Task,"ResearchProcess → ResearchProcess  |  BOTH subject and object must be processes/methods. Object must be an explicitly named sub-process or component — NOT a dataset, representation, or result",2.1. Object Detection,"In its early years, the machine learning-based object detection pipeline consisted of two primary steps: ROI extraction and object classification [15]",,
83d4d0e99ada,parkingyolo2023,relation,qwen3-8b,DeepSORT,evaluatedon,four different surveillance datasets,Dataset,Model/Experiment → Dataset  |  use when a model or experiment is explicitly tested on a named benchmark/dataset. Subject can be Model as shorthand for the experiment involving that model,5. Conclusions,"For the DeepSORT algorithm, the MOTA scores were recorded as (1.0, 1.0, 0.96, 0.90) across four different surveillance datasets",,
cfbd64ee41c9,parkingyolo2023,relation,qwen3-8b,Panasonic V series,produces,video footage,Dataset,ResearchProcess → ResearchArtifact  |  use when a process explicitly creates a new artifact,3.1. Dataset,"The CCTV model utilized at KMITL is the Panasonic V series, which offers a 2530 frames per second (FPS) capture rate and a 1080P resolution.",,
3cd66bf149ed,parkingyolo2023,relation,qwen3-8b,ResNet34,trainedon,CN- RPark+EXT,Dataset,Model → TrainingDataset  |  use only for named training corpora/datasets,2.1. Object Detection,"Grbi´c and Koch [24] proposed occu- pancy classification and a parking space detection algorithm, wherein parking spaces were determined as occupied or empty using a trained ResNet34 deep classifier; they extensively evaluated this approach on publicly known parking datasets such as PKLot [25] and CN- RPark+EXT [26]",,
2720fb182613,parkingyolo2023,relation,qwen3-8b,SPPF Module,uses,final layer of the backbone,Component,"ResearchProcess → ResearchArtifact  |  use when a method/model explicitly consumes a tool, dataset, or architecture",3.2. Vehicle Detection,"At the final layer of the backbone, the SPPF Module is used.",,
593f486bd897,parkingyolo2023,relation_scinex,qwen3-8b,YOLOv2,addresses,anchor boxes,Concept,Publication/ResearchProcess → ResearchContext  |  Links a publication or a research process to the research context element it targets,3.2. Vehicle Detection,"In 2016, YOLOv2 was released, improving on the original model by including batch normalization, anchor boxes, and dimension clusters [40].",,
b4dfaf4c6764,pesticide2025,relation,qwen3-8b,XGB,achieves,superior performance,Concept,ResearchProcess → ResearchObjective  |  use when a model/method attains a specific result or goal. USE THIS instead of reports when subject is a Model,3.7.1. Machine learning application,XGB demonstrated superior performance in most cases due to its effective handling of sparse data and its built-in regularization contributing to the prevention of overfitting.,,
ecee2b023f4a,pesticide2025,relation,qwen3-8b,five-parameter model of the reference spectrum,comprises,width,Concept,"ResearchProcess → ResearchProcess  |  BOTH subject and object must be processes/methods. Object must be an explicitly named sub-process or component — NOT a dataset, representation, or result",2.4. Machine learning analysis,"A five-parameter model of the reference spectrum was established, comprising the rectangle's centre coordinates (x,y), width, length, and horizontal angle.",,
1c545e518e79,pesticide2025,relation,qwen3-8b,"novel, affordable spectrophotometer",designedfor,integration with machine learning algorithms,Task,Model → ResearchTask  |  use ONLY when the paper explicitly states the model was designed/built/intended for a specific task,1. Introduction,"This study presents a novel, affordable spectrophotometer designed for integration with machine learning algorithms.",,
37b37c3260b2,pesticide2025,relation,qwen3-8b,data frame,employs,prediction and validation,Other,Organisation → Person  |  use for employment relationships,2.4. Machine learning analysis,This data frame was subsequently employed for prediction and validation through the application of ma chine learning algorithms.,,
64114f4a20b9,pesticide2025,relation_scinex,qwen3-8b,XGB,achieves,superior performance in most cases,Other,ResearchProcess → ResearchObjective  |  Links a research process to the research objective it fulfils,3.7.1. Machine learning application,XGB demonstrated superior performance in most cases due to its effective handling of sparse data and its built-in regularization contributing to the prevention of overfitting.,,
d8302302a1ef,pesticide2025,relation_scinex,qwen3-8b,This approach,comparesagainst,other low-cost spectro photometers,Concept,Model → Model  |  Associates a model with another model to which it is directly compared in an experiment,3.7. Discussions,This approach enables broader appli cation with greater confidence compared to other low-cost spectro photometers.,,
3948bba8c4d9,pesticide2025,relation_scinex,qwen3-8b,the total cost of the entire apparatus,comprises,under 145 THB (approximately $4.5),Other,ResearchProcess → ResearchProcess  |  Relates a research process to a constituent sub-process that forms a structural part of it,2.2. Low-cost portable spectrophotometer,"The total cost of the entire apparatus, excluding the smartphone, was under 145 THB (approximately $4.5), as described in detail in the supplementary materials S1.",,
affef3f4af17,pesticide2025,relation_scinex,qwen3-8b,Errors,evaluates,Root Mean Squared Error (RMSE),Metric,EvaluationMetric → ExperimentalResult  |  Links an evaluation metric to the experimental result it quantitatively assesses,2.4.5. Validation,Errors were reported in terms of Mean Absolute Percentage Error (MAPE) and Root Mean Squared Error (RMSE).,,
220f2ca23795,pesticide2025,relation_scinex,qwen3-8b,low-cost spectrophotometer,produces,two parallel spectral bands,Concept,ResearchProcess → ResearchArtifact  |  Relates a research process to the research artifact it generates as output,3.7. Discussions,The low-cost spectrophotometer developed is straightforward to assemble and functions as intended . It produces two parallel spectral bands: one for reference and another for analysis.,,
7550ebf86c94,pesticide2025,relation_scinex,qwen3-8b,cross-validation approach,supports,effectiveness,Concept,ExperimentalMeasurement → ExperimentalOutcome  |  Links a quantitative experimental measurement to the qualitative conclusion it provides evidence for,3.2. KMnO,"Notably, the test and validation sets exhibited minimal accuracy reduction, affirming the effectiveness of the cross-validation approach.",,
d45e6415740b,reststop2018,relation,qwen3-8b,proper range,configures,300 km from s1,Concept,ExperimentalSpecification → Experiment  |  use for explicit hyperparameter or setup relationships,3. Method: A Hybrid Recommender Model,The proper range can be configured such as 300 km from s1.,,
29eeb0843c5d,reststop2018,relation_scinex,qwen3-8b,Department of Land Transport of Thailand,affiliatedwith,Thailand,Place,Agent → Organisation  |  Associates an agent with an organisation to which they are professionally attached during a research activity,1. Introduction,"Thanks to the Department of Land Transport of Thailand, we can access global positioning system (GPS) tracking data of every commercial vehicles for conducting this research.",,
63d265f90c0e,reststop2018,relation_scinex,qwen3-8b,report,reports,accuracy of our approach,Concept,"AcademicPaper → ResearchProcess  |  Associates an academic paper with the research processes it describes, including its methodology, data processing pipeline, and experiments",4.1. Experiment,"In this step, the report is generated by grouping the vtype and time1 in terms of daytime and nighttime with the average of AUC in these groups in order to demonstrate the accuracy of our approach.",,
2948336d1b76,roadwaylight2018,relation,qwen3-8b,ANN,configures,the tolerance for the stopping criterion is 0.0001,Concept,ExperimentalSpecification → Experiment  |  use for explicit hyperparameter or setup relationships,2.4 Method,"The configuration of ANN for our experiment is that there is one hidden layer having 3 units with a sigmoid activation function, the number of maximum iterations is 5000, the tolerance for the stopping criterion is 0.0001, and the learning rate is 0.001.",,
0bca3d525581,roadwaylight2018,relation,qwen3-8b,data from the accelerometer and gyro sensor,evaluatedon,RMSE,Metric,Model/Experiment → Dataset  |  use when a model or experiment is explicitly tested on a named benchmark/dataset. Subject can be Model as shorthand for the experiment involving that model,3. Results,"The data from the accelerometer and gyro sensor are analyzed separately using the four key classification methods, and they are evaluated on the basis of the RMSE and correlation.",,
80a10f667548,roadwaylight2018,relation,qwen3-8b,Central Road Database of Thailand,locatedin,Thailand,Place,Organisation → Place  |  use for physical location,2.1.2 Pavement failure,"In Thailand, IRIs are recorded in the Central Road Database of Thailand,(20) so they can be used for determining precise coefficients.",,
5142b0d049e2,roadwaylight2018,relation,qwen3-8b,road safety,supports,the overall results,Other,ExperimentalMeasurement → ExperimentalOutcome  |  use when a specific number backs up a qualitative conclusion,1. Introduction,The overall results support the contribution of road safety as well.,,
f99125a31eef,roadwaylight2018,relation,qwen3-8b,gyro sensor,supports,pavement failure detection,Task,ExperimentalMeasurement → ExperimentalOutcome  |  use when a specific number backs up a qualitative conclusion,4.1 Materials and sensors,This work confirms the effectiveness of using a gyro sensor in pavement failure detection.,,
3668fe3199ae,roadwaylight2018,relation,qwen3-8b,linear classification,uses,linear or nonlinear separable data,Concept,"ResearchProcess → ResearchArtifact  |  use when a method/model explicitly consumes a tool, dataset, or architecture",2.4 Method,Parameters of these methods are configured to support either linear or nonlinear separable data as follows: • The linear classification is implemented to perform classification analysis and find some key attributes by considering their weights resulting from the classifier model.,,
489e76ede0c5,strabismus2026,relation,qwen3-8b,SMOTE,cites,Chawla et al.,Author,AcademicPaper → AcademicPaper  |  use when a paper cites another paper by name,Oversampling,SMOTE (Synthetic Minority Over-sampling Technique) is an oversampling method used to address class imbalance. It was introduced by Chawla et al.,,
d939e1fcda2a,strabismus2026,relation,qwen3-8b,landmark P9,locatedin,middle-gaze image,Task,Organisation → Place  |  use for physical location,Landmark annotation,"For example, landmark P9 of the left eye in a middle-gaze image ('img0001') was recorded at coordinates (492, 419) (Fig.",,
456f768b049e,strabismus2026,relation,qwen3-8b,Valente et al.8,reports,sensitivity of 0.97,Metric,AcademicPaper → ResearchProcess  |  subject MUST be the paper itself (rare in fixed extraction — only use when the sentence is about what the paper as a whole describes). Do NOT use with Model or Method as subject — use achieves instead,Interpretation of results,"Valente et al.8 employed a cover-test–based automated diagnosis with digital video , reporting accuracy of 0.94, sensitivity of 0.97, and specificity = 0.73.",,
104fb0c467c6,strabismus2026,relation_scinex,qwen3-8b,Random Forest model,achieves,accuracy of 0.95,ExperimentalResult,ResearchProcess → ResearchObjective  |  Links a research process to the research objective it fulfils,Conclusion,"A Random Forest model, which showed high performance with an accuracy of 0.95, sensitivity of 0.96, and specificity of 0.94, was then used to classify these features.",,
8dfe4a2ea900,strabismus2026,relation_scinex,qwen3-8b,Valente et al.8,achievesresult,sensitivity of 0.97,Metric,Model → ExperimentalResult  |  Links a model to an experimental result (metric outcome) it achieves.,Interpretation of results,"Valente et al.8 employed a cover-test–based automated diagnosis with digital video , reporting accuracy of 0.94, sensitivity of 0.97, and specificity = 0.73.",,
90098bc68a0f,strabismus2026,relation_scinex,qwen3-8b,RT1,designedfor,nasal and temporal scleral exposure,Concept,"Model → ResearchTask  |  Associates a model with the research task it was specifically designed or optimised to solve, such as a transformer model designed for machine translation or a CNN designed for image classification",Eye landmark feature engineering,"Accordingly, RT1 and RT4 were designed to reflect nasal and temporal scleral exposure, RT2 and RT3 to reflect the position of the corneal light reflex within the horizontal corneal span, and RT5 to reflect visible iris width as an internal reference during gaze change.",,
9c2bfc6438a4,strabismus2026,relation_scinex,qwen3-8b,RT-DETR,employs,biometric ratio–based classification,Task,Organisation → Person  |  Associates an organisation with the persons who work for or are institutionally employed by it at the time of a research publication,Interpretation of results,"By employing RT-DETR for landmark localization and biometric ratio–based classification via traditional ML models, we demonstrated promising screening performance under controlled image acquisition conditions.",,
c01ca631da78,strabismus2026,relation_scinex,qwen3-8b,SMOTE,evaluatedon,the training data,Dataset,Experiment → Dataset  |  Directly links an experiment to the dataset used to assess the final performance of its model(s),Oversampling technique using SMOTE,ensuring that SMOTE was applied to the training data and thus avoiding any data leakage into the test set,,
acf62f848d19,strabismus2026,relation_scinex,qwen3-8b,RT1–RT5 features,extractedfrom,detected landmarks of all participants,Concept,? → AcademicPaper  |  Links an extracted entity to the academic paper it was extracted from.,Final prediction models,The RT1–RT5 features were extracted from the detected landmarks of all participants to serve as structured inputs for the final Random Forest classifier.,,
91040cc4ac03,strabismus2026,relation_scinex,qwen3-8b,RT-DETR,uses,IoU-aware query selection,Method,ResearchProcess → ResearchArtifact  |  Relates a research process to a research artifact it consumes as input,Eye landmark detection,The decoder in RT-DETR used IoU-aware query selection and iterative refinement to produce final bounding boxes and confidence scores for each predicted landmark,,
f5706421188d,textaug2023,relation,qwen3-8b,precision,evaluates,"Metrics such as precision, recall, F1-score, and accuracy",Other,"EvaluationMetric → ExperimentalResult  |  subject MUST be a named metric (e.g. F1, Accuracy, BLEU, RMSE, WER). Object must be a SPECIFIC numeric result (e.g. '88.5 on the test set') — NOT a full descriptive sentence",I INTRODUCTION,"Metrics such as precision, recall, F1-score, and accuracy . Section IV presents the results of the assessment, Section V provides conclusions and future work.",,
3e7b6e13d1a3,trafficspeed2021,relation_scinex,qwen3-8b,KM Stone Speed,configures,the 2nd step,Experiment,"ExperimentalSpecification → Experiment  |  Associates an experimental specification with the experiment it governs, establishing the conditions under which the experiment runs or the criteria by which its results are assessed",III METHOD,"In the 2nd step, the attributes date and time of the KM Stone Speed dataset are analyzed to create more features.",,
5933beb3f230,trafficspeed2021,relation_scinex,qwen3-8b,KM Stone,evaluatedon,Table II,Dataset,Experiment → Dataset  |  Directly links an experiment to the dataset used to assess the final performance of its model(s),II DATA PREPARATION,"Next, the other input dataset is the km stones database, KM Stone, that contains km_label (including road number and km), lat (latitude), and lon (longitude). For reading the km_label, the example value ""7.002"" means the 2nd km of the road number 7. An example dataset is shown in Table II.",,
9641558d99d6,trafficspeed2021,relation_scinex,qwen3-8b,temporal-lagged associations,extractedfrom,feature selection process,ResearchProcess,? → AcademicPaper  |  Links an extracted entity to the academic paper it was extracted from.,Abstract,"The temporal-lagged associations among kilometer stones, which were extracted during the feature selection process, are observed as a traffic -dependent network on roads for analyzing the traffic congestion spreads in the future.",,
7757932e8c1e,traveltime2022,relation,qwen3-8b,LSTM,comparesagainst,ARIMA,Model,Model → Model  |  BOTH subject and object must be named Models. Use when the paper explicitly benchmarks one model against another. Citation keys like 'Smith et al. (2019)' are NOT valid — use the model name,3.4.1. Experiment: Choosing a Suitable Baseline,"This experiment was conducted to compare four techniques from related works to determine our baseline. These techniques were ARIMA [7], SVR [25], LSTM [26], and ConvLSTM [14].",,
c2a1b8c4371b,traveltime2022,relation,qwen3-8b,travel time,evaluates,203.04 min,Other,"EvaluationMetric → ExperimentalResult  |  subject MUST be a named metric (e.g. F1, Accuracy, BLEU, RMSE, WER). Object must be a SPECIFIC numeric result (e.g. '88.5 on the test set') — NOT a full descriptive sentence",3.1. Data Preparation,"There were 81,068 unique trucks with 2,010,270 trips and an average travel time of 203.04 min.",,
1e03d9ec5508,traveltime2022,relation_scinex,qwen3-8b,Butterworth low-pass filter,mentions,AcademicPaper,Other,"AcademicPaper → ?  |  Links an academic paper to an entity, model, dataset or result extracted from it.",2.1. Travel Time Prediction Techniques,"As time-series data can be viewed as signal data, some well-known filters, such as the Kalman filter, the Savitzky–Golay filter, and the Butterworth low-pass filter, have been researched [27,28].",,
3794ce8baf1e,traveltime2022,relation_scinex,qwen3-8b,Kalman filter,mentions,AcademicPaper,Other,"AcademicPaper → ?  |  Links an academic paper to an entity, model, dataset or result extracted from it.",2.1. Travel Time Prediction Techniques,"To achieve these goals, some filters were applied, such as a Kalman filter with a neuron network or LSTM [23,24].",,
ef4266e054cb,traveltime2022,relation_scinex,qwen3-8b,LSTM,uses,feedback,Concept,ResearchProcess → ResearchArtifact  |  Relates a research process to a research artifact it consumes as input,2.1. Travel Time Prediction Techniques,"In more detail, the LSTM uses the connection of the feedback to analyze the sequences of data [26], so it is a well-known technique for time-series prediction .",,
1b5a17871b62,vehiclemake2025,relation,qwen3-8b,CNN model,designedfor,vehicle makes classification,Task,Model → ResearchTask  |  use ONLY when the paper explicitly states the model was designed/built/intended for a specific task,I INTRODUCTION,"This study presents a CNN model for recognizing and classifying vehicle makes from front-view images, designed to be small enough for resource-constrained systems",,
fe027c67163f,vehiclemake2025,relation,qwen3-8b,The goal of this work,publishedin,study and create a smaller CNN model,ResearchProcess,AcademicPaper → PublicationVenue  |  use for journal/conference names only,Abstract,"The goal of this work is to study and create a smaller CNN model that can be used on devices with limited resources, like embedded computers and embedded computer cameras, to figure out what kind of car it is from a front view picture.",,
38cb792b965a,vehiclemake2025,relation,qwen3-8b,CTv2-DW,trainedon,dataset of car images,Dataset,Model → TrainingDataset  |  use only for named training corpora/datasets,B. RESULT AND EVALUATION,"In the experiments conducted on learning and testing car make recognition using CNN models, the well-known base models for classifying vehicle make and model [36], [37] were tested, which included VGG16 [35], InceptionV3 [9], ResNet50 [2], MobileNet [15], Yolo11m-cls [31] and the other three models, which are introduced in this paper, developed from three types of filter-blocks, resulting in three models: CTv1, CTv2-DW, and CTv2-DR.",,
97cb5d9daeb3,vehiclemake2025,relation_scinex,qwen3-8b,Depth-wise Separable Convolution,comparesagainst,1 × 1 Convolutional Dimension Reduction (Bottleneck) method,Model,Model → Model  |  Associates a model with another model to which it is directly compared in an experiment,VI CONCLUSION,"The 1 × 1 Convolutional Dimension Reduction (Bottleneck) method can reduce size if the output filter count is not too high, but it increased training and prediction times compared to Depth-wise Separable Convolution.",,
5d58f164dd13,vehiclemake2025,relation_scinex,qwen3-8b,CTv1-DW,configures,F1-weight average,Metric,"ExperimentalSpecification → Experiment  |  Associates an experimental specification with the experiment it governs, establishing the conditions under which the experiment runs or the criteria by which its results are assessed",A. MODEL ARCHITECTURE,"The model CTv1-DW without batchnorm, the F1-weight average dropped from 0.90 to 0.74, by approximately 16%, and the training time increased to 1,511.66 seconds from the original 418.04, an increase of about 3.5 times.",,
1a51c5dc14f0,vehiclemake2025,relation_scinex,qwen3-8b,split_dataset function,locatedin,TensorFlow library,Other,Organisation → Place  |  Associates an organisation with the geographic place in which it is situated,C. EXPERIMENTS AND EVALUATIONS,"Then split the data into training and testing sets, with 80% for training and 20% for testing, using the split_dataset function from the TensorFlow library [35].",,
17042ea746f7,vehiclemake2025,relation_scinex,qwen3-8b,the goal of this work,motivates,study and create a smaller CNN model,ResearchProcess,ResearchObjective → ResearchProcess  |  Links a research objective to the research process it drives,Abstract,"The goal of this work is to study and create a smaller CNN model that can be used on devices with limited resources, like embedded computers and embedded computer cameras, to figure out what kind of car it is from a front view picture.",,
5547cdc17a81,vehiclemake2025,relation_scinex,qwen3-8b,each model type,producedby,different filter block,ResearchProcess,ResearchArtifact → ResearchProcess  |  Links a research artifact back to the research process that generated it,III METHOD,Each model type was produced from a different filter block.,,
9ef9202c02c8,vehiclemake2025,relation_scinex,qwen3-8b,this study,produces,dataset,ResearchArtifact,ResearchProcess → ResearchArtifact  |  Relates a research process to the research artifact it generates as output,III METHOD,"To ensure the dataset is balanced across all vehicle make classes, this study selected images from the entire dataset to represent five commonly found vehicle makes in Thailand: Toyota, Honda, Mazda, Nissan, and Isuzu.",,
d86e8f687471,vehiclemake2025,relation_scinex,qwen3-8b,CTv1,trainedon,dataset of car images,Dataset,Model → TrainingDataset  |  Directly links a model to the training dataset used to optimise its parameters during the learning phase,B. RESULT AND EVALUATION,"In the experiments conducted on learning and testing car make recognition using CNN models, the well-known base models for classifying vehicle make and model [36], [37] were tested, which included VGG16 [35], InceptionV3 [9], ResNet50 [2], MobileNet [15], Yolo11m-cls [31] and the other three models, which are introduced in this paper, developed from three types of filter-blocks, resulting in three models: CTv1, CTv2-DW, and CTv2-DR.",,
f98c0cd8be55,vehiclemake2025,relation_scinex,qwen3-8b,Yolo11m-cls,trainedon,dataset of car images,Dataset,Model → TrainingDataset  |  Directly links a model to the training dataset used to optimise its parameters during the learning phase,B. RESULT AND EVALUATION,"In the experiments conducted on learning and testing car make recognition using CNN models, the well-known base models for classifying vehicle make and model [36], [37] were tested, which included VGG16 [35], InceptionV3 [9], ResNet50 [2], MobileNet [15], Yolo11m-cls [31] and the other three models, which are introduced in this paper, developed from three types of filter-blocks, resulting in three models: CTv1, CTv2-DW, and CTv2-DR.",,
b395cdfc7e71,videoseg2025,relation,qwen3-8b,video,splitfrom,original recording,Dataset,Dataset → Dataset  |  use for train/dev/test partition relationships,III METHOD,"The individual video refers to the footage that has been truncated to short duration from the original recording obtained during the graduation ceremonies at King Mongkut's Institute of Technology Ladkrabang (KMITL), 2023.",,
a1fce4e36672,videoseg2025,relation_scinex,qwen3-8b,YOLOv8,achievesresult,marginally superior overall suppression,Other,Model → ExperimentalResult  |  Links a model to an experimental result (metric outcome) it achieves.,V CONCLUSION,"While the Segment Anything Model (SAM2) and YOLOv8 both attain comparable color proportions, YOLOv8 exhibits marginally superior overall suppression.",,
ac92b8e11150,vehiclemake2025,relation,qwen3-8b,CTv1,achieves,0.99 weighted average F1 score,Metric,ResearchProcess → ResearchObjective  |  use when a model/method attains a specific result or goal. USE THIS instead of reports when subject is a Model,B. RESULT AND EVALUATION,"The CTv1 model took first place with the highest weighted average F1 score (0.99) and got a 1.00 F1 score for predicting Honda and Isuzu, with Toyota being the lowest at 0.98.",,
f2bf941d5911,roadwaylight2018,relation,qwen3-8b,system,addresses,analysis of a large amount of data,Concept,"ResearchProcess/Paper → ResearchContext  |  subject must be a Paper, Model, or Method (never a ResearchTask). Object is a domain/task/objective the subject targets. STRICT: Do NOT use when a task is the subject — tasks ARE ResearchContext, they cannot address themselves",5. Conclusions,"In the future, to have a fully functional system for monitoring the quality of nighttime roadways, some other aspects such as careless driving behaviors of drivers, dangerous road bends, and sudden braking of cars must be considered.",,
c3b775ff9c6d,textaug2023,relation,qwen3-8b,Sina Dabiri,affiliatedwith,University of Edinburgh,Other,Agent → Organisation  |  use for institutional affiliation,A. Data augmentation,"Sina Dabiri and Kevin Heaslip is one example where they utilized LSTMs as a layer following a CNN, processing the data that has been processed by maxpooling, and produced final results [1].",,
eeb4058e78d3,eyelandmark2024,relation,qwen3-8b,Viola and Jones,cites,"Viola, P., & Jones, M (2001)[1]",AcademicPaper,AcademicPaper → AcademicPaper  |  use when a paper cites another paper by name,II LITERATURE REVIEWS,"According to the paper by Viola and Jones, they present a novel approach to object detection that minimizes computation time while achieving high detection accuracy.",,
a42aba97d185,traveltime2022,relation,qwen3-8b,several filter methods,comparesagainst,time-series data,Dataset,Model → Model  |  BOTH subject and object must be named Models. Use when the paper explicitly benchmarks one model against another. Citation keys like 'Smith et al. (2019)' are NOT valid — use the model name,3.4. Experiments,"Finally, several filter methods used to pre-process the time-series data were compared.",,
cf05bc455ea6,csysguard2024,relation,qwen3-8b,dataset,comprises,"approximately 8,000 data points",Dataset,"ResearchProcess → ResearchProcess  |  BOTH subject and object must be processes/methods. Object must be an explicitly named sub-process or component — NOT a dataset, representation, or result",B. DATA PREPROCESSING,"The dataset [57] com- prises approximately 8,000 data points, each accumulated every 5 seconds.",,
711d2d16ab6a,roadwaylight2018,relation,qwen3-8b,ANN,configures,the learning rate is 0.001,Concept,ExperimentalSpecification → Experiment  |  use for explicit hyperparameter or setup relationships,2.4 Method,"The configuration of ANN for our experiment is that there is one hidden layer having 3 units with a sigmoid activation function, the number of maximum iterations is 5000, the tolerance for the stopping criterion is 0.0001, and the learning rate is 0.001.",,
a411e40cfa5b,strabismus2026,relation,qwen3-8b,RT1,designedfor,nasal and temporal scleral exposure,Concept,Model → ResearchTask  |  use ONLY when the paper explicitly states the model was designed/built/intended for a specific task,Eye landmark feature engineering,"Accordingly, RT1 and RT4 were designed to reflect nasal and temporal scleral exposure, RT2 and RT3 to reflect the position of the corneal light reflex within the horizontal corneal span, and RT5 to reflect visible iris width as an internal reference during gaze change.",,
25ce9184b07b,parkingyolo2023,relation,qwen3-8b,Liu and Liu,employs,3-D constrained multiple kernels,Method,Organisation → Person  |  use for employment relationships,2.2. Vehicle Tracking,"To track vehicles detected by a YOLOv3 network, Liu and Liu [35] proposed 3-D constrained multiple kernels aided by Kalman filtering.",,
9a334a03a2f0,parkingyolo2023,relation,qwen3-8b,Object tracking,encompasses,Multiple Object Tracking (MOT),Task,"ResearchDomain → ResearchTask  |  subject MUST be a broad domain (NLP, Computer Vision, etc.). Object is a specific task within that domain. NEVER use a ResearchTask as the subject — tasks cannot encompass domains",2.2. Vehicle Tracking,Single Object Tracking (SOT) and Multiple Object Tracking (MOT) are the two cat- egories into which object tracking can be subdivided [30].,,
9559ae8ffed7,vehiclemake2025,relation,qwen3-8b,CTv1,evaluatedon,512 layer,Concept,Model/Experiment → Dataset  |  use when a model or experiment is explicitly tested on a named benchmark/dataset. Subject can be Model as shorthand for the experiment involving that model,A. MODEL ARCHITECTURE,"The original CTv1 model, which had 6 filter-block layers, could not process at the 1024 layer because the matrix from the 512 layer was 4×4×512.",,
cded5e2f384d,textaug2023,relation,qwen3-8b,accuracy,evaluates,"Metrics such as precision, recall, F1-score, and accuracy",Other,"EvaluationMetric → ExperimentalResult  |  subject MUST be a named metric (e.g. F1, Accuracy, BLEU, RMSE, WER). Object must be a SPECIFIC numeric result (e.g. '88.5 on the test set') — NOT a full descriptive sentence",I INTRODUCTION,"Metrics such as precision, recall, F1-score, and accuracy . Section IV presents the results of the assessment, Section V provides conclusions and future work.",,
55767dd4e149,strabismus2026,relation,qwen3-8b,landmark P9,locatedin,left eye,Task,Organisation → Place  |  use for physical location,Landmark annotation,"For example, landmark P9 of the left eye in a middle-gaze image ('img0001') was recorded at coordinates (492, 419) (Fig.",,
8f974153f1f9,reststop2018,relation,qwen3-8b,the result,produces,report,Other,ResearchProcess → ResearchArtifact  |  use when a process explicitly creates a new artifact,4.1. Experiment,"6) After the experiment is executed, the result becomes in form of (s0→s1→s2, vtype, time1, AUC). In this step, the report is generated by grouping the vtype and time1 in terms of daytime and nighttime with the average of AUC in these groups in order to demonstrate the accuracy of our approach.",,
dfcd14d860ae,microwave2018,relation,qwen3-8b,logistic regression,publishedin,binary classification,Concept,AcademicPaper → PublicationVenue  |  use for journal/conference names only,IV RESULT AND DISCUSION,"Since the logistic regression is a binary classification, so it is limited to only kick and non-kick classes.",,
0cf527cfb734,strabismus2026,relation,qwen3-8b,Valente et al.8,reports,accuracy of 0.94,Metric,AcademicPaper → ResearchProcess  |  subject MUST be the paper itself (rare in fixed extraction — only use when the sentence is about what the paper as a whole describes). Do NOT use with Model or Method as subject — use achieves instead,Interpretation of results,"Valente et al.8 employed a cover-test–based automated diagnosis with digital video , reporting accuracy of 0.94, sensitivity of 0.97, and specificity = 0.73.",,
e37697b0250b,pesticide2025,relation,qwen3-8b,dataset,splitfrom,two subsets,Dataset,Dataset → Dataset  |  use for train/dev/test partition relationships,Table,"The dataset was randomly partitioned into two subsets, with 80 % allocated for training and 20 % for testing purposes.",,
1dd81bdfc56c,vehiclemake2025,relation,qwen3-8b,Symmetric Image-Half Flip preprocessing technique,supports,deal with the issue of occlusion,Concept,ExperimentalMeasurement → ExperimentalOutcome  |  use when a specific number backs up a qualitative conclusion,II LITERATURE REVIEW,"In response, they suggested a Symmetric Image-Half Flip preprocessing technique to deal with the issue of occlusion .",,
9a1a02ab3753,ugmo2024,relation,qwen3-8b,YOLOv8,trainedon,data on human posture,Dataset,Model → TrainingDataset  |  use only for named training corpora/datasets,Abstract,"We utilize the YOLOv8 [2] object detection model for graduate detection, which has been pre-trained using data on human posture.",,
9ba2cb4bd122,textaug2023,relation,qwen3-8b,WangchanBERTa,uses,BPEmb data augmentation strategy,Method,"ResearchProcess → ResearchArtifact  |  use when a method/model explicitly consumes a tool, dataset, or architecture",I INTRODUCTION,"In this paper, we used the BPEmb data augmentation strategy with a WangchanBERTa pre-trained embedding word approach and evaluated the performance of the augmented data using cosine similarity.",,
54b91f40232d,vehiclemake2025,relation_scinex,qwen3-8b,CTv1,achieves,highest weighted average F1 score (0.99),Metric,ResearchProcess → ResearchObjective  |  Links a research process to the research objective it fulfils,B. RESULT AND EVALUATION,"The CTv1 model took first place with the highest weighted average F1 score (0.99) and got a 1.00 F1 score for predicting Honda and Isuzu, with Toyota being the lowest at 0.98.",,
c8d2207db1be,osmotic2026,relation_scinex,qwen3-8b,this study,achievesresult,lower %MAPE for 25 out of 36 Quats,ExperimentalResult,Model → ExperimentalResult  |  Links a model to an experimental result (metric outcome) it achieves.,Comparison and discussion,"Similarly, when compared to Akbari's method, this study exhibits lower %MAPE for 25 out of 36 Quats.",,
eb4f17959cf5,oxidecrack2025,relation_scinex,qwen3-8b,oxide phases promoted during oxidation,addresses,oxide scale thickness formed on the substrate,Concept,Publication/ResearchProcess → ResearchContext  |  Links a publication or a research process to the research context element it targets,Input data,"pressures of the oxidant gases, oxidation temperatures and times, the oxide phases promoted during oxidation and the kinetic rate constants relating to the oxide scale thickness formed on the substrate5 were collected for modelling.",,
74bbe2a64824,roadwaylight2018,relation_scinex,qwen3-8b,Bureau of Street Lighting,affiliatedwith,Los Angeles,Place,Agent → Organisation  |  Associates an agent with an organisation to which they are professionally attached during a research activity,2.1.1 Street lighting,"In this study, we refer to the guidelines from the Bureau of Street Lighting , Los Angeles.(14)",,
a26d0450d43f,vehiclemake2025,relation_scinex,qwen3-8b,Xception model,cites,Xception model [26],AcademicPaper,"AcademicPaper → AcademicPaper  |  Records a bibliographic reference from one academic paper to another, indicating that the citing paper acknowledges, builds upon, or contrasts with the cited work",C. DEPTH-WISE SEPARABLE CONVOLUTION,"Another study, the Xception model [26], experimented with combining Depth-wise Separable Convolution with the Inception module that uses 1 × 1 convolution.",,
efb3da8ff51e,parkingyolo2023,relation_scinex,qwen3-8b,DeepSORT,comparesagainst,SORT (Simple Online Realtime Tracking ),Method,Model → Model  |  Associates a model with another model to which it is directly compared in an experiment,3.3. Movement Tracking,DeepSORT is an extension of SORT (Simple Online Realtime Tracking ) [11].,,
809b1e1dc3fd,parkingyolo2023,relation_scinex,qwen3-8b,object detection models,comprises,selection of region of interest,Task,ResearchProcess → ResearchProcess  |  Relates a research process to a constituent sub-process that forms a structural part of it,2.1. Object Detection,"Based on Zhao et al. [16], object detection models consist of three phases: selection of region of interest, extraction of features, and, finally, classification of objects .",,
1690a1e5be1d,roadwaylight2018,relation_scinex,qwen3-8b,decision tree model,configures,Gini index,Metric,"ExperimentalSpecification → Experiment  |  Associates an experimental specification with the experiment it governs, establishing the conditions under which the experiment runs or the criteria by which its results are assessed",2.4 Method,The decision tree model is configured by using the Gini index(13) to measure the quality of a split.,,
e1418c2a14cf,strabismus2026,relation_scinex,qwen3-8b,RT-DETR,designedfor,real-time performance,Task,"Model → ResearchTask  |  Associates a model with the research task it was specifically designed or optimised to solve, such as a transformer model designed for machine translation or a CNN designed for image classification",Object detections,RT-DETR is a transformer -based object detector designed for real-time performance.,,
194ac4757134,pesticide2025,relation_scinex,qwen3-8b,spectrophotometer,employs,machine learning methodology,Method,Organisation → Person  |  Associates an organisation with the persons who work for or are institutionally employed by it at the time of a research publication,3.4. Sugar and salt,"Consequently, the spectrophotometer and machine learning methodology effectively captured the changes in light induced by varying sugar concentrations, resulting in more accurate predictions.",,
ccf93181c3f7,parkingyolo2023,relation_scinex,qwen3-8b,dataset,encompasses,various daylight and weather settings,Concept,ResearchDomain → ResearchTask  |  Relates a research domain to the research tasks that fall within its scope,3.1. Dataset,"The video samples within the dataset encompassed various daylight and weather settings, offering a comprehensive representation of the parking lot scenarios at KMITL",,
4204e2e92dcf,roadwaylight2018,relation_scinex,qwen3-8b,ANN,evaluatedon,RMSE,Metric,Experiment → Dataset  |  Directly links an experiment to the dataset used to assess the final performance of its model(s),3. Results,"The linear classifier, ANN, and SVM converge into their stable RMSE, and as we observed, they are almost unchanged for iterations between 20 and 30, between 200 and 220, and between 5 and 15, respectively.",,
1c8dc95f1f55,csysguard2024,relation_scinex,qwen3-8b,model,evaluates,classification accuracy,Metric,EvaluationMetric → ExperimentalResult  |  Links an evaluation metric to the experimental result it quantitatively assesses,B. SYSTEM HEALTH ASSESSMENT EVALUATION,"Following the hyperparameter tuning process, we embarked on a detailed analysis of the model's classification accuracy.",,
06518365d5cf,trafficspeed2021,relation_scinex,qwen3-8b,GPS Transaction,extractedfrom,Section II DATA PREPARATION,Concept,? → AcademicPaper  |  Links an extracted entity to the academic paper it was extracted from.,II DATA PREPARATION,"In the preparation steps, there are minutely transaction data entries from Global Positioning System (GPS) boxes, which are installed in many commercial vehicles. This dataset , GPS Transaction, is one of input datasets of the overall flow as shown in Fig. It includes the attributes: bid (masked identifier of each GPS box), ts (timestamp retrieved from the GPS box), lat (latitude), lon (longitude), and speed (speed in km/h) as demonstrated by example entries in Table I.",,
84c9e8f17a6c,strabismus2026,relation_scinex,qwen3-8b,middle-gaze image,locatedin,img0001,Other,Organisation → Place  |  Associates an organisation with the geographic place in which it is situated,Landmark annotation,"For example, landmark P9 of the left eye in a middle-gaze image ('img0001') was recorded at coordinates (492, 419) (Fig.",,
62add8f80a7c,oxidecrack2025,relation_scinex,qwen3-8b,Hardell et al.48,mentions,changes in mechanical properties,Concept,"AcademicPaper → ?  |  Links an academic paper to an entity, model, dataset or result extracted from it.",Input data,"The real primary effect was chemical factors which were in good agreement with the work of Hardell et al.48 demonstrated that the changes in mechanical properties was a result of microstructural and morphological changes, thermal conditions and surface chemistry.",,
631f9109c538,roadwaylight2018,relation_scinex,qwen3-8b,analysis of a large amount of data,motivates,moving this research out into the real world,Other,ResearchObjective → ResearchProcess  |  Links a research objective to the research process it drives,4.4 Challenges,"In addition , to move this research out into the real world, the analysis of a large amount of data is required to monitor the nighttime roadway.",,
2b9775d573f8,traveltime2022,relation_scinex,qwen3-8b,Butterworth low-pass filter,producedby,our model,Model,ResearchArtifact → ResearchProcess  |  Links a research artifact back to the research process that generated it,3.3.2. Filtering Method,we chose the Butterworth low-pass filter [28] as part of our model.,,
ae5bba044bfc,videoseg2025,relation_scinex,qwen3-8b,this study,produces,efficient models and segmentation procedures,Other,ResearchProcess → ResearchArtifact  |  Relates a research process to the research artifact it generates as output,V CONCLUSION,this study lays the groundwork by identifying efficient models and segmentation procedures.,,
773c192366d1,gamlprop2025,relation_scinex,qwen3-8b,training set,splitfrom,five segments,Dataset,Dataset → Dataset  |  Records that a dataset partition was derived from a larger source dataset,2.1 Model Development and Cross Validation,"Within the training set, the data were further partitioned into five segments to facilitate algorithm tuning and evaluation.",,
5cb056806885,strabismus2026,relation_scinex,qwen3-8b,Siriraj Research Development Fund,supports,This study,Other,ExperimentalMeasurement → ExperimentalOutcome  |  Links a quantitative experimental measurement to the qualitative conclusion it provides evidence for,Funding,"This study was supported by Siriraj Research Development Fund (Managed by Routine to Research: R2R), Grant Number (IO) R016635038.",,
4983e5ff9785,traveltime2022,relation_scinex,qwen3-8b,LSTM,trainedon,the experiment in Section 3.4.1,Other,Model → TrainingDataset  |  Directly links a model to the training dataset used to optimise its parameters during the learning phase,3.4.2. Experiment: Choosing a Self-Attention,LSTM: The setting was the same as that in the experiment in Section 3.4.1,,
5bc3e9c638c9,textaug2023,relation_scinex,qwen3-8b,CNN's combination deep learning methodology,uses,classifying tweets about traffic accidents into four categories,Task,ResearchProcess → ResearchArtifact  |  Relates a research process to a research artifact it consumes as input,I INTRODUCTION,A recent method involves classifying tweets about traffic accidents into four categories using CNN's combination deep learning methodology and pre-trained BERT [4].,,
a356e099492b,osmotic2026,relation,qwen3-8b,UNIFAC model,achieves,predict the properties of untested molecules,ResearchObjective,ResearchProcess → ResearchObjective  |  use when a model/method attains a specific result or goal. USE THIS instead of reports when subject is a Model,Abstract,The UNIFAC model offers the capability to predict the properties of untested molecules and facilitate the modification of chemical behavior.,,
5183207f063a,reststop2018,relation,qwen3-8b,the report,addresses,accuracy of our approach,Concept,"ResearchProcess/Paper → ResearchContext  |  subject must be a Paper, Model, or Method (never a ResearchTask). Object is a domain/task/objective the subject targets. STRICT: Do NOT use when a task is the subject — tasks ARE ResearchContext, they cannot address themselves",4.1. Experiment,"6) After the experiment is executed, the result becomes in form of (s0→s1→s2, vtype, time1, AUC). In this step, the report is generated by grouping the vtype and time, time1 in terms of daytime and nighttime with the average of AUC in these groups in order to demonstrate the accuracy of our approach.",,
e7f170f56931,parkingyolo2023,relation,qwen3-8b,"King Mongkut's Institute of Technology, Ladkrabang",affiliatedwith,KMITL,Other,Agent → Organisation  |  use for institutional affiliation,3.1. Dataset,"the dataset was comprised of video footage obtained from CCTV cameras installed at King Mongkut's Institute of Technology, Ladkrabang (KMITL).",,
aac933cfe1ef,vehiclemake2025,relation,qwen3-8b,GoogLeNet,cites,Inception module (v1),Concept,AcademicPaper → AcademicPaper  |  use when a paper cites another paper by name,C. DEPTH-WISE SEPARABLE CONVOLUTION,"The 1 × 1 convolution method became more well-known through GoogLeNet [25], also known as the Inception module (v1), which used 1 × 1 convolution to reduce the number of computations, helping to create a smaller model while maintaining similar classification accuracy .",,
d6d34ae56ec3,traveltime2022,relation,qwen3-8b,SA-LSTM,comparesagainst,LSTM only,Model,Model → Model  |  BOTH subject and object must be named Models. Use when the paper explicitly benchmarks one model against another. Citation keys like 'Smith et al. (2019)' are NOT valid — use the model name,3.3.3. Self-Attention LSTM (SA-LSTM),"In our case, the comparison between the LSTM only and the SA-LSTM models guided us to choose the SA-LSTM.",,
bb7a8653506f,eyelandmark2024,relation,qwen3-8b,final dataset,comprises,face gazing side,Other,"ResearchProcess → ResearchProcess  |  BOTH subject and object must be processes/methods. Object must be an explicitly named sub-process or component — NOT a dataset, representation, or result",IV RESULT AND DISCUSSION,"The final dataset, it comprises of 924 rows and 12 columns, including image name, cropped eye side, face gazing side, and 9 landmarks.",,
1310a343d62c,oxidecrack2025,relation,qwen3-8b,K-Fold Cross-Validation,configures,K is set to be 3,Concept,ExperimentalSpecification → Experiment  |  use for explicit hyperparameter or setup relationships,Data analytics,"Each experiment underwent testing through K-Fold Cross-Validation, where K is set to be 3, as depicted in Fig.",,
ec14d437b63d,pesticide2025,relation,qwen3-8b,"low-cost, portable spectrophotometer",designedfor,utilization of smartphone cameras for capturing spectral images,Task,Model → ResearchTask  |  use ONLY when the paper explicitly states the model was designed/built/intended for a specific task,2.2. Low-cost portable spectrophotometer,"A low-cost, portable spectrophotometer was designed to enable the utilization of smartphone cameras for capturing spectral images",,
8535275485d5,csysguard2024,relation,qwen3-8b,cSys- Guard,employs,ensemble machine -learning approach,Method,Organisation → Person  |  use for employment relationships,B. RELATED WORK,cSys- Guard employs an ensemble machine -learning approach that leverages the unique strengths of various models to achieve robust predictive capabilities.,,
df09f3145b4d,parkingyolo2023,relation,qwen3-8b,Object tracking,encompasses,Single Object Tracking (SOT),Task,"ResearchDomain → ResearchTask  |  subject MUST be a broad domain (NLP, Computer Vision, etc.). Object is a specific task within that domain. NEVER use a ResearchTask as the subject — tasks cannot encompass domains",2.2. Vehicle Tracking,Single Object Tracking (SOT) and Multiple Object Tracking (MOT) are the two cat- egories into which object tracking can be subdivided [30].,,
0d543e4b6a69,parkingyolo2023,relation,qwen3-8b,OC-SORT,evaluatedon,head tracking,Task,Model/Experiment → Dataset  |  use when a model or experiment is explicitly tested on a named benchmark/dataset. Subject can be Model as shorthand for the experiment involving that model,3.3. Movement Tracking,"On numerous datasets, including MOT17, MOT20, KITTI, head tracking, and, particularly, DanceTrack, where the object motion is very non-linear, OC-SORT produces state-of-the-art results.",,
0b580722de68,videoseg2025,relation,qwen3-8b,YOLOv8,evaluates,precision and tracking capabilities of SAM2,Metric,"EvaluationMetric → ExperimentalResult  |  subject MUST be a named metric (e.g. F1, Accuracy, BLEU, RMSE, WER). Object must be a SPECIFIC numeric result (e.g. '88.5 on the test set') — NOT a full descriptive sentence",IV RESULTS,future research will focus on integrating the efficiency of YOLOv8 and evaluating the precision and tracking capabilities of SAM2 to determine its potential utilization in the task of tracking the target participant.,,
10530a6649d5,vehiclemake2025,relation,qwen3-8b,camera,locatedin,FIGURE 6,Concept,Organisation → Place  |  use for physical location,III METHOD,"To setup the viewpoint camera like the toll plazas, our camera was installed at a height of 5.3 meters from the road surface, with a detection range of approximately 7 meters, shown in FIGURE 6.",,
eed0de267d0d,ugmo2024,relation,qwen3-8b,YOLOv8,produces,result,Other,ResearchProcess → ResearchArtifact  |  use when a process explicitly creates a new artifact,2. Method,"The result from YOLOv8 pose estimation contains 17 key points, as shown in Fig 4.",,
0ba41c4c25ee,roadwaylight2018,relation,qwen3-8b,Sensors and Materials,publishedin,Vol. 10 (2018),Other,AcademicPaper → PublicationVenue  |  use for journal/conference names only,1. Introduction,"Sensors and Materials, Vol. 10 (2018) 2269",,
2311c58c1e48,vehiclemake2025,relation,qwen3-8b,dataset,splitfrom,entire dataset,Dataset,Dataset → Dataset  |  use for train/dev/test partition relationships,III METHOD,"To ensure the dataset is balanced across all vehicle make classes, this study selected images from the entire dataset to represent five commonly found vehicle makes in Thailand: Toyota, Honda, Mazda, Nissan, and Isuzu.",,
92e418350650,strabismus2026,relation,qwen3-8b,Focal loss,supports,addresses class imbalance by down-weighting easy negatives,Concept,ExperimentalMeasurement → ExperimentalOutcome  |  use when a specific number backs up a qualitative conclusion,Object detections,"Focal loss addresses class imbalance by down-weighting easy negatives, while GIoU loss measures overlap and spatial alignment between predicted and ground-truth bounding boxes.",,
3d9b643ff3a9,strabismus2026,relation,qwen3-8b,RT-DETR,trainedon,each gaze,Task,Model → TrainingDataset  |  use only for named training corpora/datasets,Interpretation of results,"Across the RT-DETR models trained for each gaze, landmark detection reached acceptable reliability with IoU = 0.62 and mean center-point error of 6.52 pixels, despite the absence of clinical-grade imaging.",,
9d0c89ff6cf7,strabismus2026,relation,qwen3-8b,prior mobile-based AI attempts,uses,CNNs without landmark explanation,Method,"ResearchProcess → ResearchArtifact  |  use when a method/model explicitly consumes a tool, dataset, or architecture",Interpretation of results,"From an architectural perspective, prior mobile-based AI attempts typically used CNNs without landmark explanation6.",,
8610bcc3d02e,oxidecrack2025,relation_scinex,qwen3-8b,root node,achieves,loss function,ExperimentalResult,ResearchProcess → ResearchObjective  |  Links a research process to the research objective it fulfils,Decision Tree (DT),"The highest-ranking node in the tree, referred to as the root node, provides the best label split as determined by a loss function, such as Entropy, Information Gain, and GINI index.",,
917e79bc4bb5,llamacorrupt2025,relation_scinex,qwen3-8b,later layers,achievesresult,more important for performance,Metric,Model → ExperimentalResult  |  Links a model to an experimental result (metric outcome) it achieves.,Abstract,"According to the study, later layers are more important for performance than those that come before them.",,
f35b47f9b196,traveltime2022,relation_scinex,qwen3-8b,Auto-Regressive Integrated Moving Average,addresses,travel time prediction,Task,Publication/ResearchProcess → ResearchContext  |  Links a publication or a research process to the research context element it targets,1. Introduction,"Several studies, such as those in [7–9], used the Auto-Regressive Integrated Moving Average (ARIMA), a well-known statistical method for predicting travel time.",,
9cf63d3b7e09,llamacorrupt2025,relation_scinex,qwen3-8b,Rathachai Chawuthai,affiliatedwith,ASSE 2025,Organisation,Agent → Organisation  |  Associates an agent with an organisation to which they are professionally attached during a research activity,1 Introduction,"ASSE 2025, September 17–19, 2025, Tokyo, Japan Rathachai Chawuthai et al.",,
bf9f26100133,vehiclemake2025,relation_scinex,qwen3-8b,GoogLeNet,cites,GoogLeNet [25],AcademicPaper,"AcademicPaper → AcademicPaper  |  Records a bibliographic reference from one academic paper to another, indicating that the citing paper acknowledges, builds upon, or contrasts with the cited work",C. DEPTH-WISE SEPARABLE CONVOLUTION,"The 1 × 1 convolution method became more well-known through GoogLeNet [25], also known as the Inception module (v1), which used 1 × 1 convolution to reduce the number of computations, helping to create a smaller model while maintaining similar classification accuracy",,
7dad8d3287fe,csysguard2024,relation_scinex,qwen3-8b,cSysGuard,comparesagainst,GRU,Model,Model → Model  |  Associates a model with another model to which it is directly compared in an experiment,A. SYSTEM METRICS FORECASTING EVALUATION,"Notably, this comparison also highlights cSysGuard's capability to surpass advanced deep learning models, such as GRU and LSTM, typically known for their strong performance in predictive tasks.",,
dc152c8480bb,vehiclemake2025,relation_scinex,qwen3-8b,Standard Filter-Block,comprises,batch normalization layer,Method,ResearchProcess → ResearchProcess  |  Relates a research process to a constituent sub-process that forms a structural part of it,B. PROPOSED CCN MODEL,"Standard Filter-Block consists of an initial 3 × 3 convolution layer where the number of filters can be specified as needed, without using bias or activation function, with padding set to 'same' and stride = 1. This is followed by a batch normalization layer [33] to speed up the learning process, an activation function layer using ReLU, and finally, a 3 × 3 MaxPooling layer with stride = 2 (Overlap) [34].",,
c17666b8f07d,oxidecrack2025,relation_scinex,qwen3-8b,Splitter,configures,best split,Other,"ExperimentalSpecification → Experiment  |  Associates an experimental specification with the experiment it governs, establishing the conditions under which the experiment runs or the criteria by which its results are assessed",Results and discussion,Fine-tuned hyperparameters: - Criterion: Gini index - Splitter: best split - Minimum number of samples required to split: 2,,
4a1469a77c13,vehiclemake2025,relation_scinex,qwen3-8b,CNN model,designedfor,recognizing vehicle makes from front-view images,Task,"Model → ResearchTask  |  Associates a model with the research task it was specifically designed or optimised to solve, such as a transformer model designed for machine translation or a CNN designed for image classification",III METHOD,The former part discusses the structure of the CNN model designed for recognizing vehicle makes from front- view images,,
fb7d7f715415,strabismus2026,relation_scinex,qwen3-8b,RT-DETR,employs,landmark localization,Task,Organisation → Person  |  Associates an organisation with the persons who work for or are institutionally employed by it at the time of a research publication,Interpretation of results,"By employing RT-DETR for landmark localization and biometric ratio–based classification via traditional ML models, we demonstrated promising screening performance under controlled image acquisition conditions.",,
c151f2ad645c,parkingyolo2023,relation_scinex,qwen3-8b,dataset,encompasses,parking lot scenarios,Concept,ResearchDomain → ResearchTask  |  Relates a research domain to the research tasks that fall within its scope,3.1. Dataset,"The video samples within the dataset encompassed various daylight and weather settings, offering a comprehensive representation of the parking lot scenarios at KMITL",,
b7ea77a8960f,traveltime2022,relation_scinex,qwen3-8b,highway number 4,evaluatedon,219 km,Metric,Experiment → Dataset  |  Directly links an experiment to the dataset used to assess the final performance of its model(s),3.1. Data Preparation,"we chose 332 km of highway number 1, 232 km of highway number 2, and 219 km of highway number 4, which are shown in Tables 1 and 2 under the columns named Distance (km).",,
6984698cefb5,osmotic2026,relation_scinex,qwen3-8b,mean absolute error,evaluates,MAE,Metric,EvaluationMetric → ExperimentalResult  |  Links an evaluation metric to the experimental result it quantitatively assesses,Model performances analysis,"The assessment employs the coefficient of determination ( R2) in Eq. (2), the root mean square error ( RMSE) in Eq. (3), the mean absolute error ( MAE) in Eq. (4), and the mean absolute percentage error ( %MAPE) in Eq. where ys denotes Collected activity or osmotic coefficients from different sources. yp denotes Predicted activity or osmotic coefficients. −y denotes Average of the collected activity or osmotic coefficients. n denotes Total number of data.",,
6092762c822b,traveltime2022,relation_scinex,qwen3-8b,road data for Thailand,extractedfrom,OpenStreetMap,Dataset,? → AcademicPaper  |  Links an extracted entity to the academic paper it was extracted from.,3.1. Data Preparation,The road data for Thailand were prepared from OpenStreetMap [29].,,
383a98c9e60d,llamacorrupt2025,relation_scinex,qwen3-8b,ASSE 2025,locatedin,"Tokyo, Japan",Place,Organisation → Place  |  Associates an organisation with the geographic place in which it is situated,1 Introduction,"ASSE 2025, September 17–19, 2025, Tokyo, Japan Rathachai Chawuthai et al.",,
c293a34e670c,oxidecrack2025,relation_scinex,qwen3-8b,Recall,mentions,positive items remaining,Concept,"AcademicPaper → ?  |  Links an academic paper to an entity, model, dataset or result extracted from it.",Classification evaluation,"Precision is how predicted positive items correct, while recall is how positive items remaining.",,
abeedf5cbfe0,strabismus2026,relation_scinex,qwen3-8b,the application of SMOTE,motivates,enhancing model generalization in small or imbalanced datasets,ResearchObjective,ResearchObjective → ResearchProcess  |  Links a research objective to the research process it drives,Oversampling technique using SMOTE,the application of SMOTE under these controlled conditions provides an advantage in enhancing model generalization in small or imbalanced datasets while minimizing the risk of overfitting,,
0a4e6759a754,videoseg2025,relation_scinex,qwen3-8b,video frames,producedby,robust mask overlay,Metric,ResearchArtifact → ResearchProcess  |  Links a research artifact back to the research process that generated it,III METHOD,"Upon completion of the segmentation process, video frames are produced that exhibit a robust mask overlay, which are subsequently utilized as inputs for the Mask Transparency Operation.",,
2aa05bb5365a,csysguard2024,relation_scinex,qwen3-8b,stacking ensemble model,produces,finalizing the predictions from the base models,ExperimentalOutcome,ResearchProcess → ResearchArtifact  |  Relates a research process to the research artifact it generates as output,B. RELATED WORK,[23] proposed a stacking ensemble model using Decision Trees as a meta-model to finalize the predictions from the base models,,
3d5c02de0aed,gamlprop2025,relation_scinex,qwen3-8b,training set,splitfrom,dataset,Dataset,Dataset → Dataset  |  Records that a dataset partition was derived from a larger source dataset,2.1 Model Development and Cross Validation,"The dataset was initially divided into a training set and a test set, with 460 out of 560 data points randomly selected for training.",,
d031bd9d9f32,microwave2018,relation_scinex,qwen3-8b,motion sensor,supports,user convenience,Concept,ExperimentalMeasurement → ExperimentalOutcome  |  Links a quantitative experimental measurement to the qualitative conclusion it provides evidence for,IV RESULT AND DISCUSION,"The solution such as the kick activation is a proper solution that returns user convenience. In this case, a motion sensor becomes a key player in this solution.",,
553bd2db0785,csysguard2024,relation_scinex,qwen3-8b,RNN,trainedon,data structuring elements,Concept,Model → TrainingDataset  |  Directly links a model to the training dataset used to optimise its parameters during the learning phase,E. HYPERPARAMETER TUNING,"For the RNN, these parameters include data structuring elements (such as observation steps), model architecture (covering learning rate, the number of neurons, and activation functions in both the first and second layers), and model training configurations (incorporating epochs and batch size).",,
a353c2d573db,textaug2023,relation_scinex,qwen3-8b,BPEmb,uses,data augmentation,Method,ResearchProcess → ResearchArtifact  |  Relates a research process to a research artifact it consumes as input,Abstract,we propose the use of BPEmb to augmentation the data and calculate cosine similarity.,,
0111e65688d3,pesticide2025,relation,qwen3-8b,XGB,achieves,1.48 % error,Other,ResearchProcess → ResearchObjective  |  use when a model/method attains a specific result or goal. USE THIS instead of reports when subject is a Model,3.2. KMnO,"evaluations based on the comparison between predicted and actual concentrations, as summarized in Table 3, indicate that the XGB algo rithm achieved the lowest error of combined unseen data sets (test and validation sets) of 1.48 %.",,
fcf76552f0c5,csysguard2024,relation,qwen3-8b,Random Forest,addresses,whether bootstrap samples are used,Concept,"ResearchProcess/Paper → ResearchContext  |  subject must be a Paper, Model, or Method (never a ResearchTask). Object is a domain/task/objective the subject targets. STRICT: Do NOT use when a task is the subject — tasks ARE ResearchContext, they cannot address themselves",E. HYPERPARAMETER TUNING,"For the Random Forest, considered parameters entail the number of trees (estimators), tree depth (max depth), minimum samples for a split (min sample split), minimum samples per leaf (min sample leaf), maximum number of features considered for splitting a node (max features), maximum number of leaf nodes (max-leaf nodes), minimum impurity decrease for a split (min impurity decrease), whether bootstrap samples are used (bootstrap), and the function to measure the quality of a split (criterion).",,
be438e98f0d8,oxidecrack2025,relation,qwen3-8b,Patthranit Wongpromrat,affiliatedwith,Conceptualization,Task,Agent → Organisation  |  use for institutional affiliation,Author contributions,"Patthranit Wongpromrat: Conceptualization, Manuscript writing & Editing, Formal analysis, Project administration.",,
4e22381467a7,vehiclemake2025,relation,qwen3-8b,Xception model,cites,Inception module that uses 1 × 1 convolution,Concept,AcademicPaper → AcademicPaper  |  use when a paper cites another paper by name,C. DEPTH-WISE SEPARABLE CONVOLUTION,"Another study, the Xception model [26], experimented with combining Depth-wise Separable Convolution with the Inception module that uses 1 × 1 convolution.",,
9df264b3beea,vehiclemake2025,relation,qwen3-8b,CNN model,comparesagainst,ResNet,Model,Model → Model  |  BOTH subject and object must be named Models. Use when the paper explicitly benchmarks one model against another. Citation keys like 'Smith et al. (2019)' are NOT valid — use the model name,I INTRODUCTION,"The research report is divided into four main sections: Related Work, which discusses various studies on VMMR technology that have improved CNNs; Proposed Model, which introduces the CNN model for VMMR, detailing the dataset used for training and testing; Performance Evaluation, which compares the proposed model's performance in vehicle make classification against state -of-the-art models (Ima- geNet, VCC16, Inception, ResNet, MobileNet), including model size and training time",,
feb1cf6c0663,vehiclemake2025,relation,qwen3-8b,proposed CNN model,comprises,three model types,ResearchProcess,"ResearchProcess → ResearchProcess  |  BOTH subject and object must be processes/methods. Object must be an explicitly named sub-process or component — NOT a dataset, representation, or result",III METHOD,"The proposed CNN model for vehicle make classification consists of three model types, focusing on enhancing accuracy and reducing complexity.",,
f98a90c35066,roadwaylight2018,relation,qwen3-8b,ANN,configures,the number of maximum iterations is 5000,Concept,ExperimentalSpecification → Experiment  |  use for explicit hyperparameter or setup relationships,2.4 Method,"The configuration of ANN for our experiment is that there is one hidden layer having 3 units with a sigmoid activation function, the number of maximum iterations is 5000, the tolerance for the stopping criterion is 0.0001, and the learning rate is 0.001.",,
49b5be5072a5,csysguard2024,relation,qwen3-8b,cSysGuard,designedfor,cloud environments,Task,Model → ResearchTask  |  use ONLY when the paper explicitly states the model was designed/built/intended for a specific task,Abstract,"Our study introduces cSysGuard, a novel framework designed to enhance monitoring capabilities within cloud environments.",,
750a878aa73e,parkingyolo2023,relation,qwen3-8b,Liu and Liu,employs,Kalman filtering,Method,Organisation → Person  |  use for employment relationships,2.2. Vehicle Tracking,"To track vehicles detected by a YOLOv3 network, Liu and Liu [35] proposed 3-D constrained multiple kernels aided by Kalman filtering.",,
7c3dd626134b,gamlprop2025,relation,qwen3-8b,Hydrocarbons,encompasses,alkenes,Concept,"ResearchDomain → ResearchTask  |  subject MUST be a broad domain (NLP, Computer Vision, etc.). Object is a specific task within that domain. NEVER use a ResearchTask as the subject — tasks cannot encompass domains",1. Introduction,"Hydrocarbons, organic compounds composed solely of carbon and hydrogen atoms, are categorized into alkanes, alkenes, and alkynes.",,
599b9148882b,traveltime2022,relation,qwen3-8b,SA-LSTM,evaluatedon,Table 4,Dataset,Model/Experiment → Dataset  |  use when a model or experiment is explicitly tested on a named benchmark/dataset. Subject can be Model as shorthand for the experiment involving that model,4.6. Discussion,The results presented in Table 4 show that the SA-LSTM was better than the LSTM.,,
615855a04950,trafficspeed2021,relation,qwen3-8b,our experiment,evaluates,5-fold cross-validation,Method,"EvaluationMetric → ExperimentalResult  |  subject MUST be a named metric (e.g. F1, Accuracy, BLEU, RMSE, WER). Object must be a SPECIFIC numeric result (e.g. '88.5 on the test set') — NOT a full descriptive sentence",III METHOD,"Our experiment evaluates the model using the method of 5-fold cross-validation, so there are 5 rounds of the calculation where the ratio of the training set and the test set of each round is 80:20; and the test sets of all rounds are different chunks.",,
94f8bc497045,strabismus2026,relation,qwen3-8b,landmark P9,locatedin,'img0001',Task,Organisation → Place  |  use for physical location,Landmark annotation,"For example, landmark P9 of the left eye in a middle-gaze image ('img0001') was recorded at coordinates (492, 419) (Fig.",,
53a52e17ec19,videoseg2025,relation,qwen3-8b,YOLOv8,produces,bounding boxes,Artifact,ResearchProcess → ResearchArtifact  |  use when a process explicitly creates a new artifact,III METHOD,"The YOLOv8 object detection model was employed to execute bounding box detections as seen in Fig. 3, thereby creating bounding boxes for SAM2 to indicate the regions designated for segmentation.",,
eb29d67fd631,strabismus2026,relation,qwen3-8b,latency,publishedin,acceptable for a prototype,Other,AcademicPaper → PublicationVenue  |  use for journal/conference names only,Implementation,"While this latency is acceptable for a prototype, further optimization—such as utilizing GPU acceleration or migrating to on-device inference—could enhance scalability and reduce dependency on network connectivity in high-traffic or resource-limited settings",,
d85efbb50cd9,vehiclemake2025,relation,qwen3-8b,dataset,splitfrom,Toyota,Concept,Dataset → Dataset  |  use for train/dev/test partition relationships,III METHOD,"To ensure the dataset is balanced across all vehicle make classes, this study selected images from the entire dataset to represent five commonly found vehicle makes in Thailand: Toyota, Honda, Mazda, Nissan, and Isuzu.",,
f36006f879ae,strabismus2026,relation,qwen3-8b,biometric landmark ratios,supports,more interpretable representation for strabismus classification,ExperimentalOutcome,ExperimentalMeasurement → ExperimentalOutcome  |  use when a specific number backs up a qualitative conclusion,Interpretation of results,The use of biometric landmark ratios provided a more interpretable representation for strabismus classification than an end-to-end image classifier.,,
e8d2518b32da,vehiclemake2025,relation,qwen3-8b,ResNet50,trainedon,dataset of car images,Dataset,Model → TrainingDataset  |  use only for named training corpora/datasets,B. RESULT AND EVALUATION,"In the experiments conducted on learning and testing car make recognition using CNN models, the well-known base models for classifying vehicle make and model [36], [37] were tested, which included VGG16 [35], InceptionV3 [9], ResNet50 [2], MobileNet [15], Yolo11m-cls [31] and the other three models, which are introduced in this paper, developed from three types of filter-blocks, resulting in three models: CTv1, CTv2-DW, and CTv2-DR.",,
4e0a9371c674,trafficspeed2021,relation,qwen3-8b,KM Stone Speed,uses,time,Metric,"ResearchProcess → ResearchArtifact  |  use when a method/model explicitly consumes a tool, dataset, or architecture",III METHOD,"In the 2nd step, the attributes date and time of the KM Stone Speed dataset are analyzed to create more features.",,
cac716f58629,ugmo2024,relation_scinex,qwen3-8b,pose analysis module of the system,achieves,0.97 precision,Metric,ResearchProcess → ResearchObjective  |  Links a research process to the research objective it fulfils,3. Result,"The pose analysis module of the system identified these ""degree conferral"" sequences with a precision of 0.97, meaning that 97% of the time, it accurately identified real degree receipt moments while avoiding false positives on irrelevant postures.",,
06b7606cbfaf,llamacorrupt2025,relation_scinex,qwen3-8b,Feed-Forward matrices,achievesresult,greater degradation,Metric,Model → ExperimentalResult  |  Links a model to an experimental result (metric outcome) it achieves.,Abstract,"Results show that increased corruption leads to greater degradation, with Feed-Forward matrices having a stronger impact especially in the Down matrices.",,
de8f336a02f0,osmotic2026,relation_scinex,qwen3-8b,Machine Learning models,addresses,estimate Quats' activity coefficients for PTC systems,Task,Publication/ResearchProcess → ResearchContext  |  Links a publication or a research process to the research context element it targets,Abstract,It is therefore posited that Machine Learning models can also be utilized to estimate Quats' activity coefficients for PTC systems.,,
c24b83a45083,pesticide2025,relation_scinex,qwen3-8b,FMC Corporation,affiliatedwith,Organisation,Other,Agent → Organisation  |  Associates an agent with an organisation to which they are professionally attached during a research activity,2.3.1. Reagents,"All chemical compounds, excluding deionized water produced in- house, were procured from either Merck or FMC Corporation.",,
daebed5db993,strabismus2026,relation_scinex,qwen3-8b,Valente et al.,cites,Hamid (2022),AcademicPaper,"AcademicPaper → AcademicPaper  |  Records a bibliographic reference from one academic paper to another, indicating that the citing paper acknowledges, builds upon, or contrasts with the cited work",Related works,"In addition, the study discussed the potential of deep learning methods for automatic strabismus detection , citing prior work by Almeida et al. and Valente et al.8,17, which reported high accuracy .",,
8cc9c6b06e23,oxidecrack2025,relation_scinex,qwen3-8b,layers,comparesagainst,hyperparameters,Concept,Model → Model  |  Associates a model with another model to which it is directly compared in an experiment,Artificial Neural Network (ANN),"Nodes, layers, and activation functions are some of the hyperparameters that must be carefully tuned for ANNs.",,
100157866ccb,strabismus2026,relation_scinex,qwen3-8b,two-stage system,comprises,Real-Time Detection Transformer (RT-DETR),Model,ResearchProcess → ResearchProcess  |  Relates a research process to a constituent sub-process that forms a structural part of it,Abstract,"This two-stage system combines Real-Time Detection Transformer (RT-DETR) to localize nine ocular landmarks per eye across three gaze directions (left, center, right), and supervised machine learning classifiers.",,
8fb55ed44165,traveltime2022,relation_scinex,qwen3-8b,LSTM,configures,LSTM model,Model,"ExperimentalSpecification → Experiment  |  Associates an experimental specification with the experiment it governs, establishing the conditions under which the experiment runs or the criteria by which its results are assessed",3.3.4. Architecture of Our Travel Time Prediction Model,"LSTM() was used to construct an LSTM model based on an input cell state, an input hidden state, and a weight tensor",,
776c805a851c,csysguard2024,relation_scinex,qwen3-8b,health predictor,designedfor,determine the system 's health,Task,"Model → ResearchTask  |  Associates a model with the research task it was specifically designed or optimised to solve, such as a transformer model designed for machine translation or a CNN designed for image classification",A. HEALTH PREDICTION LAYER,The health predictor represents the last layer in our pre- dictive framework . It has a classification model designed to determine the system 's health .,,
0d595c04af02,pesticide2025,relation_scinex,qwen3-8b,Part number 5,employs,external light,Concept,Organisation → Person  |  Associates an organisation with the persons who work for or are institutionally employed by it at the time of a research publication,2.2. Low-cost portable spectrophotometer,"Part number 5 is employed to block external light, ensuring the optimal operation of the spectrophotometer.",,
6584699babd4,gamlprop2025,relation_scinex,qwen3-8b,Hydrocarbons,encompasses,alkanes,Concept,ResearchDomain → ResearchTask  |  Relates a research domain to the research tasks that fall within its scope,1. Introduction,"Hydrocarbons, organic compounds composed solely of carbon and hydrogen atoms, are categorized into alkanes, alkenes, and alkynes.",,
087476df4f6a,trafficspeed2021,relation_scinex,qwen3-8b,KM Stone Speed,evaluatedon,Table III,Dataset,Experiment → Dataset  |  Directly links an experiment to the dataset used to assess the final performance of its model(s),III METHOD,"The product of beginning parts, which are explained in the data preparation section, is the KM Stone Speed as shown in Table III.",,
a3515f9f3d77,videoseg2025,relation_scinex,qwen3-8b,YOLOv8,evaluates,less GPU memory,Other,EvaluationMetric → ExperimentalResult  |  Links an evaluation metric to the experimental result it quantitatively assesses,IV RESULTS,"YOLOv8 demonstrates superior performance in terms of computational efficiency, processing video approximately 5.5 times faster and utilizing less GPU memory.",,
b0a941b547fe,csysguard2024,relation_scinex,qwen3-8b,dataset,extractedfrom,Section B. DATA PREPROCESSING,Other,? → AcademicPaper  |  Links an extracted entity to the academic paper it was extracted from.,B. DATA PREPROCESSING,"The dataset [57] com- prises approximately 8,000 data points, each accumulated every 5 seconds.",,
d8fac2825eb6,strabismus2026,relation_scinex,qwen3-8b,landmark P9,locatedin,left eye,Task,Organisation → Place  |  Associates an organisation with the geographic place in which it is situated,Landmark annotation,"For example, landmark P9 of the left eye in a middle-gaze image ('img0001') was recorded at coordinates (492, 419) (Fig.",,
32379b034730,traveltime2022,relation_scinex,qwen3-8b,Kalman filter,mentions,travel time prediction,Task,"AcademicPaper → ?  |  Links an academic paper to an entity, model, dataset or result extracted from it.",2.1. Travel Time Prediction Techniques,"First, there is the Kalman filter [21], which has often been used for travel time prediction [23,24].",,
f83bf9944afb,traveltime2022,relation_scinex,qwen3-8b,LSTM,producedby,the experiment,ResearchProcess,ResearchArtifact → ResearchProcess  |  Links a research artifact back to the research process that generated it,3.4.1. Experiment: Choosing a Suitable Baseline,"The results of this experiment are shown in Section 4.1. It shows that the LSTM provides the best performance among the models from the related studies, so the LSTM model was chosen as the baseline.",,
95cc029458f6,ugmo2024,relation_scinex,qwen3-8b,system,produces,final personalized highlight reel,Task,ResearchProcess → ResearchArtifact  |  Relates a research process to the research artifact it generates as output,3. Result,"With the highlight boundaries identified, the system extracts a short video clip surrounding those frames to produce the final personalized highlight reel for that graduate.",,
456df401e1bf,llamacorrupt2025,relation_scinex,qwen3-8b,Question-answering Natural Language Inference (QNLI) dataset,splitfrom,General Language Understanding Evaluation (GLUE) benchmark,Dataset,Dataset → Dataset  |  Records that a dataset partition was derived from a larger source dataset,2.2 Selected Test Data,We selected the Question-answering Natural Language Inference (QNLI) dataset from the General Language Understanding Evaluation (GLUE) benchmark for this study [6],,
d9af90391480,strabismus2026,relation_scinex,qwen3-8b,internal analysis,supports,alignment with established ophthalmic principles,ExperimentalOutcome,ExperimentalMeasurement → ExperimentalOutcome  |  Links a quantitative experimental measurement to the qualitative conclusion it provides evidence for,Conclusion,"Internal analysis suggested that several learned feature patterns exhibited alignment with established ophthalmic principles, especially with regard to the off-center displacement of the central corneal light reflex in strabismus patients and the visible sclera area during various gazes.",,
b44844230f05,llamacorrupt2025,relation_scinex,qwen3-8b,Question-answering Natural Language Inference (QNLI) dataset,trainedon,General Language Understanding Evaluation (GLUE) benchmark,Dataset,Model → TrainingDataset  |  Directly links a model to the training dataset used to optimise its parameters during the learning phase,2.2 Selected Test Data,We selected the Question-answering Natural Language Inference (QNLI) dataset from the General Language Understanding Evaluation (GLUE) benchmark for this study [6],,
697e22af3627,csysguard2024,relation_scinex,qwen3-8b,classification model,uses,forecasted metrics,Metric,ResearchProcess → ResearchArtifact  |  Relates a research process to a research artifact it consumes as input,Abstract,"The algorithm also leverages a classification model to assess the system 's health based on forecasted metrics, effectively identifying potential failures in the future.",,
efc7440b474f,osmotic2026,relation,qwen3-8b,UNIFAC model,achieves,facilitate the modification of chemical behavior,ResearchObjective,ResearchProcess → ResearchObjective  |  use when a model/method attains a specific result or goal. USE THIS instead of reports when subject is a Model,Abstract,The UNIFAC model offers the capability to predict the properties of untested molecules and facilitate the modification of chemical behavior.,,
9ef18029e5c1,strabismus2026,relation,qwen3-8b,Random Forest model,addresses,classification rules,Concept,"ResearchProcess/Paper → ResearchContext  |  subject must be a Paper, Model, or Method (never a ResearchTask). Object is a domain/task/objective the subject targets. STRICT: Do NOT use when a task is the subject — tasks ARE ResearchContext, they cannot address themselves",Classification using random forest,These differences in medians and ranges provide the empirical basis for the classification rules used in the Random Forest model.,,
5c0ee2636f0b,oxidecrack2025,relation,qwen3-8b,Somrerk Chandra-ambhorn,affiliatedwith,Manuscript editing,Task,Agent → Organisation  |  use for institutional affiliation,Author contributions,"Somrerk Chandra-ambhorn: Formal analysis, Manuscript editing.",,
bd2c4cdb001e,traveltime2022,relation,qwen3-8b,LSTM,comparesagainst,SVR,Model,Model → Model  |  BOTH subject and object must be named Models. Use when the paper explicitly benchmarks one model against another. Citation keys like 'Smith et al. (2019)' are NOT valid — use the model name,3.4.1. Experiment: Choosing a Suitable Baseline,"This experiment was conducted to compare four techniques from related works to determine our baseline. These techniques were ARIMA [7], SVR [25], LSTM [26], and ConvLSTM [14].",,
dc0e960d425a,pesticide2025,relation,qwen3-8b,data frame,comprises,types of solvent,Concept,"ResearchProcess → ResearchProcess  |  BOTH subject and object must be processes/methods. Object must be an explicitly named sub-process or component — NOT a dataset, representation, or result",2.4. Machine learning analysis,"This data frame comprised types of light sources, types of solute(s), types of solvent, concentrations, and differences in lightness (ΔL) values, as displayed in Fig.",,
8130a3307ef5,strabismus2026,relation,qwen3-8b,max_features,configures,square root of the maximum number of features,Other,ExperimentalSpecification → Experiment  |  use for explicit hyperparameter or setup relationships,Model settings,the feature subset size considered at each split is set to the square root of the maximum number of features via max_features='sqrt',,
3859833faa64,strabismus2026,relation,qwen3-8b,RT4,designedfor,nasal and temporal scleral exposure,Concept,Model → ResearchTask  |  use ONLY when the paper explicitly states the model was designed/built/intended for a specific task,Eye landmark feature engineering,"Accordingly, RT1 and RT4 were designed to reflect nasal and temporal scleral exposure, RT2 and RT3 to reflect the position of the corneal light reflex within the horizontal corneal span, and RT5 to reflect visible iris width as an internal reference during gaze change.",,
25b90b1b0c3a,pesticide2025,relation,qwen3-8b,laptop,employs,512 GB SSD PCIe M.2,Concept,Organisation → Person  |  use for employment relationships,3.6. Computational resources and performance analysis,"The computational resources employed include a laptop equipped with an i5-12500H CPU, integrated graphics, 16 GB of DDR4 3200 MHz RAM, and a 512 GB SSD PCIe M.2 for storage.",,
ca71fda14075,gamlprop2025,relation,qwen3-8b,Hydrocarbons,encompasses,alkanes,Concept,"ResearchDomain → ResearchTask  |  subject MUST be a broad domain (NLP, Computer Vision, etc.). Object is a specific task within that domain. NEVER use a ResearchTask as the subject — tasks cannot encompass domains",1. Introduction,"Hydrocarbons, organic compounds composed solely of carbon and hydrogen atoms, are categorized into alkanes, alkenes, and alkynes.",,
541752271168,traveltime2022,relation,qwen3-8b,LSTM,evaluatedon,Table 3,Dataset,Model/Experiment → Dataset  |  use when a model or experiment is explicitly tested on a named benchmark/dataset. Subject can be Model as shorthand for the experiment involving that model,4.6. Discussion,The results from Table 3 were interpreted as follows: the LSTM model provided an error of ±27.12 min in every 100 km.,,
fed7cf2698a1,roadwaylight2018,relation,qwen3-8b,correlation,evaluates,near-one value,Other,"EvaluationMetric → ExperimentalResult  |  subject MUST be a named metric (e.g. F1, Accuracy, BLEU, RMSE, WER). Object must be a SPECIFIC numeric result (e.g. '88.5 on the test set') — NOT a full descriptive sentence",3. Results,"In contrast, the correlation shows the relationship between the inputs and the output, so a near-one value is preferred.",,
ab514a818af1,vehiclemake2025,relation,qwen3-8b,camera,locatedin,toll plazas,Place,Organisation → Place  |  use for physical location,III METHOD,"To setup the viewpoint camera like the toll plazas, our camera was installed at a height of 5.3 meters from the road surface, with a detection range of approximately 7 meters, shown in FIGURE 6.",,
f5cfdc2c81d0,videoseg2025,relation,qwen3-8b,YOLOv8,produces,good segmentation results,Result,ResearchProcess → ResearchArtifact  |  use when a process explicitly creates a new artifact,IV RESULTS,Both YOLOv8 and SAM2 produce good segmentation results based on their IoU and Dice.,,
baed10bc17e4,microwave2018,relation,qwen3-8b,decision tree,publishedin,flowchart,Concept,AcademicPaper → PublicationVenue  |  use for journal/conference names only,II LITERATURE REVIEW,The model of the decision tree is simple like a flowchart and widely used for making a prediction [7],,
05adf7e1ee98,gamlprop2025,relation,qwen3-8b,dataset,splitfrom,training set and a test set,Dataset,Dataset → Dataset  |  use for train/dev/test partition relationships,2.1 Model Development and Cross Validation,"The dataset was initially divided into a training set and a test set, with 460 out of 560 data points randomly selected for training.",,
c0545db750ed,strabismus2026,relation,qwen3-8b,L1 loss,supports,used for bounding box regression,Concept,ExperimentalMeasurement → ExperimentalOutcome  |  use when a specific number backs up a qualitative conclusion,Object detections,L1 loss is used for bounding box regression.,,
346fae59d6a9,vehiclemake2025,relation,qwen3-8b,InceptionV3,trainedon,dataset of car images,Dataset,Model → TrainingDataset  |  use only for named training corpora/datasets,B. RESULT AND EVALUATION,"In the experiments conducted on learning and testing car make recognition using CNN models, the well-known base models for classifying vehicle make and model [36], [37] were tested, which included VGG16 [35], InceptionV3 [9], ResNet50 [2], MobileNet [15], Yolo11m-cls [31] and the other three models, which are introduced in this paper, developed from three types of filter-blocks, resulting in three models: CTv1, CTv2-DW, and CTv2-DR.",,
8d54d6b6dea7,csysguard2024,relation,qwen3-8b,model,uses,Bayesian optimization,Method,"ResearchProcess → ResearchArtifact  |  use when a method/model explicitly consumes a tool, dataset, or architecture",C. HYPERPARAMETER TUNING,"Subsequently, we carefully refined the model's hyperparam- eters through Bayesian optimization to enhance its predictive capabilities with our dataset.",,
3f2ddfc7d3ce,parkingyolo2023,relation_scinex,qwen3-8b,R-CNN,achieves,the speed of detection is limited,ExperimentalResult,ResearchProcess → ResearchObjective  |  Links a research process to the research objective it fulfils,2.1. Object Detection,"R-CNN can perform well in various object detection tasks, but training these models takes significant time, and the speed of detection is limited [19].",,
7880ebabdf69,roadwaylight2018,relation_scinex,qwen3-8b,SVM,achievesresult,stable RMSE,Result,Model → ExperimentalResult  |  Links a model to an experimental result (metric outcome) it achieves.,3. Results,"The linear classifier, ANN, and SVM converge into their stable RMSE, and as we observed, they are almost unchanged for iterations between 20 and 30, between 200 and 220, and between 5 and 15, respectively.",,
0bd3c1fab593,osmotic2026,relation_scinex,qwen3-8b,Extended UNIQUAC model,addresses,activity coefficients of alkyl ammonium Quats,Task,Publication/ResearchProcess → ResearchContext  |  Links a publication or a research process to the research context element it targets,Comparison and discussion,While Akbari et al.40 predicted activity coefficients of alkyl ammonium Quats using the Extended UNIQUAC model.,,
4c2dc8611340,pesticide2025,relation_scinex,qwen3-8b,Merck,affiliatedwith,Organisation,Other,Agent → Organisation  |  Associates an agent with an organisation to which they are professionally attached during a research activity,2.3.1. Reagents,"All chemical compounds, excluding deionized water produced in- house, were procured from either Merck or FMC Corporation.",,
33a501294806,vehiclemake2025,relation_scinex,qwen3-8b,Proposed model,comparesagainst,MobileNet,Model,Model → Model  |  Associates a model with another model to which it is directly compared in an experiment,I INTRODUCTION,"The research report is divided into four main sections: Related Work, which discusses various studies on VMMR technology that have improved CNNs; Proposed Model, which introduces the CNN model for VMMR, detailing the dataset used for training and testing; Performance Evaluation, which compares the proposed model's performance in vehicle make classification against state -of-the-art models (Ima- geNet, VCC16, Inception, ResNet, MobileNet), including model size and training time;",,
2c6667d7992a,llamacorrupt2025,relation_scinex,qwen3-8b,self-attention (Attn) mechanism,comprises,Query (Q or Attn-Q),Concept,ResearchProcess → ResearchProcess  |  Relates a research process to a constituent sub-process that forms a structural part of it,2.1 A Selected LLM Model: Llama-3.2-1B-Instruct,"The self-attention (Attn) mechanism involves three key matrices: Query (Q or Attn-Q), Key (K or Attn-K), and Value (V or Attn-V), while the feed-forward network (FF) consists of three matrices: Gate (or FF-Gate), Up (or FF-Up), and Down (or FF-Down) [1] [5] as illustrated in Fig. 1",,
340898a39e03,traveltime2022,relation_scinex,qwen3-8b,ANN,configures,trained weight matrix (WFC),Metric,"ExperimentalSpecification → Experiment  |  Associates an experimental specification with the experiment it governs, establishing the conditions under which the experiment runs or the criteria by which its results are assessed",3.3.4. Architecture of Our Travel Time Prediction Model,This ANN is con- structed by the trained weight matrix (WFC).,,
3d397e5ad408,strabismus2026,relation_scinex,qwen3-8b,a custom-developed desktop application,designedfor,ensure consistency,Concept,"Model → ResearchTask  |  Associates a model with the research task it was specifically designed or optimised to solve, such as a transformer model designed for machine translation or a CNN designed for image classification",Methods,A single researcher performed the eye landmark annotation using a custom-developed desktop application designed to ensure consistency.,,
0d88b4bccbfe,textaug2023,relation_scinex,qwen3-8b,CNN and Bert categorization processes,employs,recent research,ResearchProcess,Organisation → Person  |  Associates an organisation with the persons who work for or are institutionally employed by it at the time of a research publication,Abstract,The CNN and Bert categorization processes have been employed in recent research [4].,,
fcf716f48e79,gamlprop2025,relation_scinex,qwen3-8b,Hydrocarbons,encompasses,alkynes,Concept,ResearchDomain → ResearchTask  |  Relates a research domain to the research tasks that fall within its scope,1. Introduction,"Hydrocarbons, organic compounds composed solely of carbon and hydrogen atoms, are categorized into alkanes, alkenes, and alkynes.",,
7ae6ff5929cd,llamacorrupt2025,relation_scinex,qwen3-8b,Llama -3.2-1B-Instruct,evaluatedon,ASSE 2025,Other,Experiment → Dataset  |  Directly links an experiment to the dataset used to assess the final performance of its model(s),3.2 Discussion,"This is a discussion of the experimental results on parameter cor- ruption in Llama -3.2-1B-Instruct [4] The test results align with Assessing the Effects of Corrupted Parameters in a Large Language Model: A Case Study of LLAMA 3.2 1B ASSE 2025, September 17–19, 2025, Tokyo, Japan expectations: as more parameters are corrupted, the model's re- sponses deviate further from the baseline answer (obtained from a freshly loaded model).",,
8240dda595ae,videoseg2025,relation_scinex,qwen3-8b,YOLOv8,evaluates,5.5 times swifter than SAM2,Other,EvaluationMetric → ExperimentalResult  |  Links an evaluation metric to the experimental result it quantitatively assesses,IV RESULTS,The diminished processing duration (approximately 5.5 times swifter than SAM2) coupled with reduced memory requirements renders YOLOv8 a more computationally efficient alternative.,,
76c719ac95bd,trafficspeed2021,relation_scinex,qwen3-8b,KM Stone Speed,extractedfrom,Section II DATA PREPARATION,Concept,? → AcademicPaper  |  Links an extracted entity to the academic paper it was extracted from.,II DATA PREPARATION,"The example entries of the ""KM Stone Speed"" dataset are shown in Table III.",,
737fc9c3e888,oxidecrack2025,relation_scinex,qwen3-8b,Spallation,mentions,raw dataset,Other,"AcademicPaper → ?  |  Links an academic paper to an entity, model, dataset or result extracted from it.",Input data,"• Spallation: The occurrence of oxide spallation (1 occur, 0 not occur).",,
cff2a3c608e3,trafficspeed2021,relation_scinex,qwen3-8b,KM Stone Speed,producedby,data preparation section,ResearchProcess,ResearchArtifact → ResearchProcess  |  Links a research artifact back to the research process that generated it,III METHOD,"The product of beginning parts, which are explained in the data preparation section, is the KM Stone Speed as shown in Table III.",,
e048add16be5,strabismus2026,relation_scinex,qwen3-8b,our system,produces,a proof-of-concept framework,Concept,ResearchProcess → ResearchArtifact  |  Relates a research process to the research artifact it generates as output,Theoretical and clinical implications,"By reducing the reliance on specialized hardware and clinician- guided tests, our system offers a proof-of-concept framework that serves as a foundation for future screening applications, pending further external validation in broader and less controlled settings.",,
